StudentID,StudentName,Department,MentorID
STD-0001,Sara Avila,Chemical,MTR-Chemical-01
STD-0002,David Ross,Civil,MTR-Civil-03
STD-0003,Kimberly Beck,ECE,MTR-ECE-02
STD-0004,Robert Duran,Civil,MTR-Civil-05
STD-0005,Kelly Goodman,Civil,MTR-Civil-05
STD-0006,Julia Coleman,CSE,MTR-CSE-04
STD-0007,John Tran,CSE,MTR-CSE-05
STD-0008,Rebecca Gutierrez,Civil,MTR-Civil-01
STD-0009,Bryan Tucker,CSE,MTR-CSE-01
STD-0010,Kimberly Keller,Chemical,MTR-Chemical-03
STD-0011,Sara Russell,CSE,MTR-CSE-02
STD-0012,Beth Young,ECE,MTR-ECE-02
STD-0013,Bryan Bullock,ECE,MTR-ECE-01
STD-0014,Roberto Reilly,ECE,MTR-ECE-04
STD-0015,Charles Price,Mechanical,MTR-Mechanical-02
STD-0016,Jasmine Lin,CSE,MTR-CSE-04
STD-0017,Kayla Hamilton,CSE,MTR-CSE-02
STD-0018,Autumn Morales,MCT,MTR-MCT-04
STD-0019,Zachary Wyatt,CSE,MTR-CSE-05
STD-0020,Mrs. Andrea Moore MD,Chemical,MTR-Chemical-01
STD-0021,Aaron Roberts,CSE,MTR-CSE-01
STD-0022,Kevin Clark,Chemical,MTR-Chemical-05
STD-0023,Eugene Willis,ECE,MTR-ECE-04
STD-0024,Timothy Richardson,ECE,MTR-ECE-05
STD-0025,Thomas Garrison,Chemical,MTR-Chemical-01
STD-0026,Matthew Saunders,Mechanical,MTR-Mechanical-03
STD-0027,Cindy Kelly,CSE,MTR-CSE-02
STD-0028,Jennifer Boyd,Civil,MTR-Civil-01
STD-0029,Steven Clark,MCT,MTR-MCT-04
STD-0030,Rose Lee,Civil,MTR-Civil-01
STD-0031,Yolanda Lopez,IT,MTR-IT-05
STD-0032,Sierra Mcdonald,MCT,MTR-MCT-01
STD-0033,Ryan Meyers,IT,MTR-IT-01
STD-0034,Jason Hernandez,MCT,MTR-MCT-05
STD-0035,John Torres,ECE,MTR-ECE-02
STD-0036,Lori Allen,Mechanical,MTR-Mechanical-01
STD-0037,Ariana Johnson,ECE,MTR-ECE-02
STD-0038,Jaime Mckee,Mechanical,MTR-Mechanical-04
STD-0039,Anna Bass,IT,MTR-IT-01
STD-0040,Gabriel Davis,Mechanical,MTR-Mechanical-03
STD-0041,Allison Horne,ECE,MTR-ECE-01
STD-0042,Jenna Li,MCT,MTR-MCT-05
STD-0043,Meredith Berry,ECE,MTR-ECE-05
STD-0044,Tamara Smith,Civil,MTR-Civil-02
STD-0045,Lynn Espinoza,IT,MTR-IT-05
STD-0046,Sharon Hernandez,Civil,MTR-Civil-01
STD-0047,Lori Beltran,Mechanical,MTR-Mechanical-02
STD-0048,Deborah Haynes,Mechanical,MTR-Mechanical-04
STD-0049,Melinda Johnson,CSE,MTR-CSE-04
STD-0050,Peter Bates,ECE,MTR-ECE-04
STD-0051,William Mason,CSE,MTR-CSE-05
STD-0052,Bryan Walton,IT,MTR-IT-03
STD-0053,Michael Clark,Chemical,MTR-Chemical-03
STD-0054,Barry Robbins,ECE,MTR-ECE-04
STD-0055,Amanda Valdez,CSE,MTR-CSE-03
STD-0056,Dennis Parsons,Chemical,MTR-Chemical-02
STD-0057,Natalie Moore,CSE,MTR-CSE-04
STD-0058,Elizabeth Fletcher,IT,MTR-IT-01
STD-0059,William Murray,CSE,MTR-CSE-04
STD-0060,William Blanchard,ECE,MTR-ECE-05
STD-0061,Jill Cummings,Mechanical,MTR-Mechanical-01
STD-0062,Crystal Harvey,ECE,MTR-ECE-05
STD-0063,Colleen Schroeder,CSE,MTR-CSE-02
STD-0064,Walter West,Civil,MTR-Civil-02
STD-0065,Amber Newman,Mechanical,MTR-Mechanical-01
STD-0066,Brooke Mills,ECE,MTR-ECE-05
STD-0067,Christopher Sanders,Civil,MTR-Civil-02
STD-0068,Richard Taylor,Civil,MTR-Civil-04
STD-0069,Matthew Logan,CSE,MTR-CSE-05
STD-0070,Nicole Jensen,Mechanical,MTR-Mechanical-02
STD-0071,Lindsay Flores,ECE,MTR-ECE-01
STD-0072,Shelby Case,Chemical,MTR-Chemical-01
STD-0073,Joel Lopez,Mechanical,MTR-Mechanical-05
STD-0074,Kaitlyn Caldwell,ECE,MTR-ECE-01
STD-0075,Natalie Jordan,Mechanical,MTR-Mechanical-03
STD-0076,Todd Anderson Jr.,IT,MTR-IT-05
STD-0077,Lisa Lewis,IT,MTR-IT-04
STD-0078,Amanda Gonzales,IT,MTR-IT-02
STD-0079,Angel Cunningham,Chemical,MTR-Chemical-02
STD-0080,Ricardo Reed,Chemical,MTR-Chemical-03
STD-0081,Kenneth Payne,Chemical,MTR-Chemical-05
STD-0082,Devin Perez,CSE,MTR-CSE-02
STD-0083,Troy Rose,Mechanical,MTR-Mechanical-04
STD-0084,Elizabeth Mendez,CSE,MTR-CSE-05
STD-0085,Darrell Shepherd,Civil,MTR-Civil-04
STD-0086,Michael Nichols,IT,MTR-IT-03
STD-0087,James Ross,Chemical,MTR-Chemical-02
STD-0088,Christine Clark,IT,MTR-IT-04
STD-0089,Kathryn Taylor,IT,MTR-IT-01
STD-0090,Nicole Cortez,Civil,MTR-Civil-03
STD-0091,Deborah Dean,Mechanical,MTR-Mechanical-05
STD-0092,Jay Clark,Chemical,MTR-Chemical-03
STD-0093,Rodney Collins,ECE,MTR-ECE-01
STD-0094,Chelsey Knox,Chemical,MTR-Chemical-02
STD-0095,Katherine Nash,CSE,MTR-CSE-04
STD-0096,Anna Schneider,IT,MTR-IT-04
STD-0097,Lauren Bradford,IT,MTR-IT-02
STD-0098,Shannon Vaughan,Chemical,MTR-Chemical-02
STD-0099,Mr. Kevin Williams,MCT,MTR-MCT-01
STD-0100,Evan Burton,MCT,MTR-MCT-01
STD-0101,Brandon Green,MCT,MTR-MCT-02
STD-0102,Stanley Crawford,ECE,MTR-ECE-03
STD-0103,Seth Murphy,Chemical,MTR-Chemical-02
STD-0104,Jennifer Morales,ECE,MTR-ECE-03
STD-0105,Sarah Meyer,IT,MTR-IT-04
STD-0106,Bobby Weiss,Mechanical,MTR-Mechanical-01
STD-0107,Anthony Cordova,ECE,MTR-ECE-03
STD-0108,Angela Sullivan,CSE,MTR-CSE-01
STD-0109,Daniel Barnett,IT,MTR-IT-01
STD-0110,Derrick Smith,MCT,MTR-MCT-03
STD-0111,Andrew Burns,IT,MTR-IT-02
STD-0112,Kenneth Roberts,CSE,MTR-CSE-04
STD-0113,Ronald Schmitt,CSE,MTR-CSE-01
STD-0114,Mark Cohen,CSE,MTR-CSE-05
STD-0115,David Bailey,Mechanical,MTR-Mechanical-03
STD-0116,Ashley Anderson,CSE,MTR-CSE-02
STD-0117,Donna Cox,CSE,MTR-CSE-03
STD-0118,Paul Stone,Chemical,MTR-Chemical-01
STD-0119,Kimberly Klein,Civil,MTR-Civil-04
STD-0120,Patty Davis,ECE,MTR-ECE-03
STD-0121,James Brown,MCT,MTR-MCT-03
STD-0122,Kyle Thompson,ECE,MTR-ECE-05
STD-0123,Caroline White,Civil,MTR-Civil-04
STD-0124,Debbie Kirby,Civil,MTR-Civil-04
STD-0125,Melanie Solis,MCT,MTR-MCT-04
STD-0126,Brittany Soto,Mechanical,MTR-Mechanical-05
STD-0127,Jessica Downs,Civil,MTR-Civil-02
STD-0128,Alice Rose,Chemical,MTR-Chemical-03
STD-0129,Emily Jackson,IT,MTR-IT-03
STD-0130,Richard Nelson,CSE,MTR-CSE-04
STD-0131,Walter Guzman,CSE,MTR-CSE-03
STD-0132,Timothy Lloyd,ECE,MTR-ECE-01
STD-0133,Amanda Mosley,Civil,MTR-Civil-05
STD-0134,Michael Adkins,CSE,MTR-CSE-04
STD-0135,Robert Mora,MCT,MTR-MCT-01
STD-0136,Dennis Green,Civil,MTR-Civil-02
STD-0137,Charles Anderson,CSE,MTR-CSE-03
STD-0138,Amy Hernandez,ECE,MTR-ECE-05
STD-0139,Elizabeth Nelson,Chemical,MTR-Chemical-03
STD-0140,Samantha Gill,MCT,MTR-MCT-01
STD-0141,Rebecca Hernandez,MCT,MTR-MCT-05
STD-0142,Shaun Jarvis,CSE,MTR-CSE-01
STD-0143,Dr. Joyce Butler DVM,MCT,MTR-MCT-01
STD-0144,Nicole Wilson,Mechanical,MTR-Mechanical-03
STD-0145,Emily Berry,CSE,MTR-CSE-05
STD-0146,Robert Lewis,CSE,MTR-CSE-02
STD-0147,Joseph Suarez,CSE,MTR-CSE-04
STD-0148,Sean Anderson,MCT,MTR-MCT-03
STD-0149,Jason Torres,Chemical,MTR-Chemical-04
STD-0150,Bonnie Humphrey,IT,MTR-IT-05
STD-0151,Timothy Watts,ECE,MTR-ECE-03
STD-0152,Laura Estrada,ECE,MTR-ECE-04
STD-0153,Patrick Dougherty,Civil,MTR-Civil-02
STD-0154,Angela Davis,Chemical,MTR-Chemical-04
STD-0155,Abigail Bell,Mechanical,MTR-Mechanical-04
STD-0156,Jeffrey Arnold,IT,MTR-IT-01
STD-0157,Alex Malone,Chemical,MTR-Chemical-01
STD-0158,Michael Simpson,MCT,MTR-MCT-02
STD-0159,Kathy Horton,Chemical,MTR-Chemical-04
STD-0160,Timothy Stone,Chemical,MTR-Chemical-01
STD-0161,Thomas Fox,CSE,MTR-CSE-05
STD-0162,Terry White,Chemical,MTR-Chemical-02
STD-0163,Sandra Odonnell,MCT,MTR-MCT-01
STD-0164,Jamie Williams,MCT,MTR-MCT-03
STD-0165,Kurt Brown,CSE,MTR-CSE-03
STD-0166,Amber Best,MCT,MTR-MCT-04
STD-0167,Brian Martinez,MCT,MTR-MCT-03
STD-0168,Katherine Stewart,Mechanical,MTR-Mechanical-02
STD-0169,Emily Banks,Chemical,MTR-Chemical-03
STD-0170,Pamela Scott,Civil,MTR-Civil-05
STD-0171,Taylor Turner,Mechanical,MTR-Mechanical-05
STD-0172,Steven Mata,ECE,MTR-ECE-04
STD-0173,Phillip Robinson,Civil,MTR-Civil-01
STD-0174,Elizabeth Phelps,Civil,MTR-Civil-02
STD-0175,Steven Clarke,ECE,MTR-ECE-02
STD-0176,Mitchell Johnson,IT,MTR-IT-05
STD-0177,Shannon Scott,ECE,MTR-ECE-04
STD-0178,William Hardin,Mechanical,MTR-Mechanical-03
STD-0179,Robert Kennedy,Chemical,MTR-Chemical-02
STD-0180,Linda Moran,Chemical,MTR-Chemical-04
STD-0181,Vanessa Jackson,ECE,MTR-ECE-01
STD-0182,Joseph Rodriguez,CSE,MTR-CSE-03
STD-0183,Daniel Davis,IT,MTR-IT-03
STD-0184,Allison Myers,CSE,MTR-CSE-05
STD-0185,Keith Evans,Chemical,MTR-Chemical-02
STD-0186,Matthew White,ECE,MTR-ECE-02
STD-0187,Paul Maddox,MCT,MTR-MCT-03
STD-0188,David Gordon,IT,MTR-IT-05
STD-0189,Robert Baker,ECE,MTR-ECE-05
STD-0190,Evelyn Osborn,ECE,MTR-ECE-02
STD-0191,Carlos Castro,ECE,MTR-ECE-03
STD-0192,Elizabeth Padilla,CSE,MTR-CSE-03
STD-0193,Andrew Elliott,Mechanical,MTR-Mechanical-03
STD-0194,Ryan Scott,Chemical,MTR-Chemical-03
STD-0195,Stephanie Clark,MCT,MTR-MCT-01
STD-0196,Jennifer Harris,MCT,MTR-MCT-03
STD-0197,Rebekah Ochoa,Chemical,MTR-Chemical-03
STD-0198,Elizabeth Rhodes,Mechanical,MTR-Mechanical-04
STD-0199,Jenna Ibarra,ECE,MTR-ECE-02
STD-0200,Ruben Barton,ECE,MTR-ECE-01
STD-0201,Margaret Walter,ECE,MTR-ECE-05
STD-0202,Nicholas Cole,CSE,MTR-CSE-03
STD-0203,Richard Edwards,MCT,MTR-MCT-05
STD-0204,Dalton Coffey,Civil,MTR-Civil-01
STD-0205,Elizabeth Thomas,ECE,MTR-ECE-04
STD-0206,Dennis Miller,ECE,MTR-ECE-01
STD-0207,Michaela Lester,CSE,MTR-CSE-05
STD-0208,Willie Jones,Mechanical,MTR-Mechanical-01
STD-0209,Stephen Clay,Mechanical,MTR-Mechanical-03
STD-0210,John Freeman,MCT,MTR-MCT-01
STD-0211,Thomas Shaw,Mechanical,MTR-Mechanical-03
STD-0212,Patricia Dyer,Chemical,MTR-Chemical-05
STD-0213,Daniel Pham III,Mechanical,MTR-Mechanical-02
STD-0214,Brittany Reyes,Chemical,MTR-Chemical-05
STD-0215,Timothy Grant,CSE,MTR-CSE-01
STD-0216,Heather Reeves,IT,MTR-IT-02
STD-0217,Kayla Hansen MD,ECE,MTR-ECE-05
STD-0218,Barbara Moore,Civil,MTR-Civil-03
STD-0219,Jennifer Miller,IT,MTR-IT-02
STD-0220,Christie Brown,ECE,MTR-ECE-04
STD-0221,Michelle Gonzalez,MCT,MTR-MCT-05
STD-0222,Michael Sloan,Civil,MTR-Civil-03
STD-0223,Travis Taylor,Civil,MTR-Civil-05
STD-0224,Jesse Phillips,CSE,MTR-CSE-02
STD-0225,Michael Ruiz,MCT,MTR-MCT-03
STD-0226,Richard Smith,ECE,MTR-ECE-04
STD-0227,Bradley Smith,CSE,MTR-CSE-02
STD-0228,Patricia Robinson,Mechanical,MTR-Mechanical-05
STD-0229,Zachary Miller,Mechanical,MTR-Mechanical-02
STD-0230,Michael Johnson,Chemical,MTR-Chemical-04
STD-0231,Karla Harris,IT,MTR-IT-01
STD-0232,Denise Martinez,Civil,MTR-Civil-02
STD-0233,Tina Walker,Chemical,MTR-Chemical-03
STD-0234,Jason Henderson,CSE,MTR-CSE-04
STD-0235,Sandra Morgan,Chemical,MTR-Chemical-04
STD-0236,Amy Rivera MD,Mechanical,MTR-Mechanical-03
STD-0237,Diana Mills,MCT,MTR-MCT-02
STD-0238,Jacob Jones,Civil,MTR-Civil-04
STD-0239,Jennifer Ibarra,Chemical,MTR-Chemical-05
STD-0240,Chad Elliott,Chemical,MTR-Chemical-05
STD-0241,Barbara Kirby,Civil,MTR-Civil-04
STD-0242,Thomas Douglas,IT,MTR-IT-05
STD-0243,Matthew King,ECE,MTR-ECE-03
STD-0244,Keith Rhodes,Civil,MTR-Civil-03
STD-0245,Rachel Wood,IT,MTR-IT-05
STD-0246,James Bishop,Chemical,MTR-Chemical-03
STD-0247,Carrie Conrad,Civil,MTR-Civil-05
STD-0248,Darryl Torres,MCT,MTR-MCT-02
STD-0249,Roger Roth,MCT,MTR-MCT-01
STD-0250,Susan Sanchez,Chemical,MTR-Chemical-01
STD-0251,Holly Hurley,CSE,MTR-CSE-04
STD-0252,Joshua Zimmerman,MCT,MTR-MCT-02
STD-0253,Jeffrey Johnson,IT,MTR-IT-02
STD-0254,Christopher Jones,Mechanical,MTR-Mechanical-01
STD-0255,Jeffrey Cervantes,Mechanical,MTR-Mechanical-05
STD-0256,Sean Coleman,ECE,MTR-ECE-04
STD-0257,Victor Murray,CSE,MTR-CSE-01
STD-0258,Kimberly Coleman,Mechanical,MTR-Mechanical-02
STD-0259,Robert White,MCT,MTR-MCT-01
STD-0260,Lori Paul,ECE,MTR-ECE-01
STD-0261,Stephen Benton,Mechanical,MTR-Mechanical-01
STD-0262,Ann Russell,Civil,MTR-Civil-05
STD-0263,Wyatt Ellis,IT,MTR-IT-05
STD-0264,Molly Atkinson,Chemical,MTR-Chemical-03
STD-0265,Stephanie Wade,IT,MTR-IT-01
STD-0266,Amanda Ross,CSE,MTR-CSE-04
STD-0267,Gregory Wallace,Mechanical,MTR-Mechanical-04
STD-0268,Mark Moore,ECE,MTR-ECE-04
STD-0269,Heidi Edwards,Mechanical,MTR-Mechanical-02
STD-0270,Mr. Tyrone Tran Jr.,ECE,MTR-ECE-05
STD-0271,William Carter,ECE,MTR-ECE-04
STD-0272,Brett Morrow,Civil,MTR-Civil-02
STD-0273,Kenneth Johnson,Mechanical,MTR-Mechanical-02
STD-0274,Stephanie Collins,Chemical,MTR-Chemical-04
STD-0275,Nicholas Hughes MD,Mechanical,MTR-Mechanical-05
STD-0276,Kevin Woods,CSE,MTR-CSE-03
STD-0277,Ian Fox,CSE,MTR-CSE-01
STD-0278,Sarah Whitehead,Chemical,MTR-Chemical-01
STD-0279,Kendra Park,MCT,MTR-MCT-02
STD-0280,Stephen Clark,ECE,MTR-ECE-04
STD-0281,Deborah Mcdonald,Chemical,MTR-Chemical-05
STD-0282,Kevin Scott,IT,MTR-IT-01
STD-0283,John Howard,Civil,MTR-Civil-01
STD-0284,Robert Barnes,Mechanical,MTR-Mechanical-02
STD-0285,John Woodard,Chemical,MTR-Chemical-03
STD-0286,Elizabeth Wells,CSE,MTR-CSE-05
STD-0287,Linda Watson,Mechanical,MTR-Mechanical-03
STD-0288,Ariana Gaines,CSE,MTR-CSE-04
STD-0289,Sara Rice,Mechanical,MTR-Mechanical-01
STD-0290,Renee Porter,Mechanical,MTR-Mechanical-03
STD-0291,Angela Horton,ECE,MTR-ECE-05
STD-0292,Justin Johnson,CSE,MTR-CSE-02
STD-0293,Dr. Angel Meyer,IT,MTR-IT-01
STD-0294,Kimberly Cole,MCT,MTR-MCT-01
STD-0295,Thomas Davis,MCT,MTR-MCT-03
STD-0296,Laura Wilson,Civil,MTR-Civil-01
STD-0297,John Ramos,IT,MTR-IT-02
STD-0298,Katie Chambers,Civil,MTR-Civil-04
STD-0299,Ashley Morrison,MCT,MTR-MCT-03
STD-0300,Thomas Foster,Mechanical,MTR-Mechanical-01
STD-0301,Christina Navarro,CSE,MTR-CSE-01
STD-0302,Christopher Johnson,Chemical,MTR-Chemical-04
STD-0303,John Wong,Civil,MTR-Civil-05
STD-0304,Frank Scott,ECE,MTR-ECE-02
STD-0305,Autumn Johnson,IT,MTR-IT-02
STD-0306,Melody Carroll,IT,MTR-IT-01
STD-0307,Melissa Taylor,CSE,MTR-CSE-02
STD-0308,Janet Stout,Civil,MTR-Civil-02
STD-0309,Ryan Buckley DDS,MCT,MTR-MCT-04
STD-0310,Andre Noble,IT,MTR-IT-03
STD-0311,Martin Perry,MCT,MTR-MCT-04
STD-0312,Carolyn Booker,Mechanical,MTR-Mechanical-04
STD-0313,Daniel Roberts,ECE,MTR-ECE-05
STD-0314,David Mullins,MCT,MTR-MCT-05
STD-0315,Barbara Weber,Mechanical,MTR-Mechanical-04
STD-0316,Ashley Wilson,Chemical,MTR-Chemical-03
STD-0317,Michelle Cox,MCT,MTR-MCT-02
STD-0318,Donald Villa,CSE,MTR-CSE-04
STD-0319,Jerry Briggs,Chemical,MTR-Chemical-01
STD-0320,Karen Gutierrez,IT,MTR-IT-02
STD-0321,Robert Mills,Mechanical,MTR-Mechanical-05
STD-0322,Ashley Bond,MCT,MTR-MCT-05
STD-0323,Mary Johnson,Mechanical,MTR-Mechanical-01
STD-0324,Rachel Watts,ECE,MTR-ECE-01
STD-0325,Kayla Cochran,Mechanical,MTR-Mechanical-02
STD-0326,Nicole Hansen,Chemical,MTR-Chemical-03
STD-0327,Heather Fitzpatrick,IT,MTR-IT-05
STD-0328,Nicole Clay,ECE,MTR-ECE-04
STD-0329,Cheryl Harmon,IT,MTR-IT-02
STD-0330,Walter Green,Civil,MTR-Civil-05
STD-0331,Sarah Herrera,Chemical,MTR-Chemical-02
STD-0332,Olivia Sullivan,Chemical,MTR-Chemical-03
STD-0333,Denise Morales,ECE,MTR-ECE-03
STD-0334,Amanda Graham,CSE,MTR-CSE-03
STD-0335,Patrick Gates,ECE,MTR-ECE-03
STD-0336,Jeremy Wood,CSE,MTR-CSE-04
STD-0337,Dr. David Henderson MD,MCT,MTR-MCT-04
STD-0338,Mario Schaefer,Mechanical,MTR-Mechanical-04
STD-0339,David Cannon,Chemical,MTR-Chemical-01
STD-0340,Joan Patel,CSE,MTR-CSE-04
STD-0341,Miranda West,Civil,MTR-Civil-02
STD-0342,Sydney Lloyd,Chemical,MTR-Chemical-04
STD-0343,Kevin Martinez,MCT,MTR-MCT-03
STD-0344,Steven Mcguire,Mechanical,MTR-Mechanical-04
STD-0345,Nathan Richardson,IT,MTR-IT-04
STD-0346,Dustin Ramirez,Mechanical,MTR-Mechanical-03
STD-0347,Mark Esparza,CSE,MTR-CSE-01
STD-0348,Kevin Fletcher,CSE,MTR-CSE-03
STD-0349,Mary Romero,IT,MTR-IT-02
STD-0350,Carl Thompson,MCT,MTR-MCT-02
STD-0351,Kaitlin Rodriguez,Chemical,MTR-Chemical-04
STD-0352,Jay Bailey,CSE,MTR-CSE-05
STD-0353,Michele Carter,CSE,MTR-CSE-05
STD-0354,Kathleen Patton,MCT,MTR-MCT-04
STD-0355,Dr. Kelli Delacruz MD,MCT,MTR-MCT-04
STD-0356,Jeremy Richardson,Mechanical,MTR-Mechanical-05
STD-0357,Jacob Mclaughlin,IT,MTR-IT-04
STD-0358,Andrew Levy,IT,MTR-IT-01
STD-0359,Edward Johnson,Mechanical,MTR-Mechanical-01
STD-0360,Julia Washington,ECE,MTR-ECE-01
STD-0361,Luis Dixon,Mechanical,MTR-Mechanical-04
STD-0362,Gina Shelton,IT,MTR-IT-01
STD-0363,Chad Maldonado,IT,MTR-IT-02
STD-0364,James Martinez,Civil,MTR-Civil-04
STD-0365,Amy Guzman,Mechanical,MTR-Mechanical-05
STD-0366,Dawn Johnson,Chemical,MTR-Chemical-01
STD-0367,Kathleen Wright,ECE,MTR-ECE-01
STD-0368,Pamela Hill,IT,MTR-IT-05
STD-0369,Mark Singh,Mechanical,MTR-Mechanical-02
STD-0370,Laura Harris,Chemical,MTR-Chemical-05
STD-0371,Alex Dillon,CSE,MTR-CSE-01
STD-0372,Melanie Le,Civil,MTR-Civil-04
STD-0373,David Molina,IT,MTR-IT-03
STD-0374,Kathryn Davis,IT,MTR-IT-03
STD-0375,Daniel Wright,Mechanical,MTR-Mechanical-04
STD-0376,Tiffany Bailey,ECE,MTR-ECE-05
STD-0377,Isaac Martinez,Civil,MTR-Civil-04
STD-0378,Erik Johnson,IT,MTR-IT-01
STD-0379,Vanessa Scott,Mechanical,MTR-Mechanical-02
STD-0380,Michael Diaz,Mechanical,MTR-Mechanical-03
STD-0381,Jennifer Rose,ECE,MTR-ECE-05
STD-0382,Andrew Byrd,ECE,MTR-ECE-01
STD-0383,Lori Rodriguez,ECE,MTR-ECE-03
STD-0384,Lauren Gibson,IT,MTR-IT-05
STD-0385,Kevin Diaz,Civil,MTR-Civil-04
STD-0386,Colleen Day,IT,MTR-IT-01
STD-0387,Claudia Griffith,Civil,MTR-Civil-04
STD-0388,Jordan Hughes,IT,MTR-IT-01
STD-0389,Kristine Barber,ECE,MTR-ECE-04
STD-0390,Jennifer Thomas,MCT,MTR-MCT-04
STD-0391,Martin Stone,MCT,MTR-MCT-02
STD-0392,Cristina Richard,ECE,MTR-ECE-01
STD-0393,Mrs. Alicia Griffin,ECE,MTR-ECE-04
STD-0394,Samantha Buckley,Chemical,MTR-Chemical-04
STD-0395,Ryan Morgan,MCT,MTR-MCT-05
STD-0396,Xavier Hernandez,ECE,MTR-ECE-04
STD-0397,Stephen Foley,Mechanical,MTR-Mechanical-01
STD-0398,Hailey Smith,Mechanical,MTR-Mechanical-03
STD-0399,Steven Carroll,Chemical,MTR-Chemical-03
STD-0400,Aaron Villanueva,MCT,MTR-MCT-04
STD-0401,Grace Werner,IT,MTR-IT-01
STD-0402,Karen Miller,CSE,MTR-CSE-02
STD-0403,Peter White,IT,MTR-IT-03
STD-0404,Heidi Hill,Civil,MTR-Civil-04
STD-0405,Mr. Christopher Fuller,CSE,MTR-CSE-01
STD-0406,Mark Williams,ECE,MTR-ECE-05
STD-0407,Matthew Sims,ECE,MTR-ECE-04
STD-0408,Megan Gross,Mechanical,MTR-Mechanical-04
STD-0409,Renee Brown,MCT,MTR-MCT-01
STD-0410,Nicholas Freeman,MCT,MTR-MCT-01
STD-0411,Christine Dickerson,ECE,MTR-ECE-01
STD-0412,Debra Oliver,Mechanical,MTR-Mechanical-04
STD-0413,Robin Chavez,ECE,MTR-ECE-04
STD-0414,Charles Spears,Mechanical,MTR-Mechanical-01
STD-0415,Anna Olsen,Chemical,MTR-Chemical-04
STD-0416,Cindy Jones,CSE,MTR-CSE-02
STD-0417,Joseph Ashley,IT,MTR-IT-05
STD-0418,Peter King,CSE,MTR-CSE-01
STD-0419,Crystal Robinson,MCT,MTR-MCT-04
STD-0420,Tiffany Perez,IT,MTR-IT-05
STD-0421,Kyle Wall,MCT,MTR-MCT-01
STD-0422,Michael King,CSE,MTR-CSE-04
STD-0423,Ronald Edwards,IT,MTR-IT-05
STD-0424,Alicia Kim,Civil,MTR-Civil-02
STD-0425,Gregory Miller,Civil,MTR-Civil-02
STD-0426,Chelsea Scott,IT,MTR-IT-03
STD-0427,Chad Stewart,ECE,MTR-ECE-05
STD-0428,Stefanie Johnson,Mechanical,MTR-Mechanical-05
STD-0429,Jose Hammond,CSE,MTR-CSE-02
STD-0430,Mr. John Brown,Civil,MTR-Civil-03
STD-0431,Natalie Morris,CSE,MTR-CSE-01
STD-0432,Jerry Parker Jr.,CSE,MTR-CSE-02
STD-0433,Nicholas Huber,Mechanical,MTR-Mechanical-04
STD-0434,Philip Medina,MCT,MTR-MCT-03
STD-0435,Lisa Cole,Chemical,MTR-Chemical-04
STD-0436,Kayla Christian,MCT,MTR-MCT-01
STD-0437,Javier Clark,Civil,MTR-Civil-01
STD-0438,Phillip Burnett,CSE,MTR-CSE-02
STD-0439,Paul Peters,IT,MTR-IT-04
STD-0440,Michael Lee,Chemical,MTR-Chemical-02
STD-0441,David Long,IT,MTR-IT-05
STD-0442,Sara Beck,Chemical,MTR-Chemical-04
STD-0443,Leslie Chan,ECE,MTR-ECE-04
STD-0444,Monica Jackson,Chemical,MTR-Chemical-02
STD-0445,Richard Kaufman,Chemical,MTR-Chemical-01
STD-0446,Mr. Victor Cortez,Chemical,MTR-Chemical-01
STD-0447,Jeremy Gilbert,CSE,MTR-CSE-01
STD-0448,Brian Watkins,Chemical,MTR-Chemical-02
STD-0449,Jordan Sheppard,Chemical,MTR-Chemical-04
STD-0450,Daniel Vargas,ECE,MTR-ECE-04
STD-0451,Jared Harris,ECE,MTR-ECE-02
STD-0452,Jacqueline Christensen,IT,MTR-IT-04
STD-0453,Beverly Rodgers,IT,MTR-IT-01
STD-0454,Thomas Aguirre III,MCT,MTR-MCT-01
STD-0455,Sheila Everett,Mechanical,MTR-Mechanical-03
STD-0456,Jessica Sanchez,CSE,MTR-CSE-02
STD-0457,Allen Bailey,CSE,MTR-CSE-04
STD-0458,Jordan Alexander,CSE,MTR-CSE-02
STD-0459,Tim Smith,Mechanical,MTR-Mechanical-01
STD-0460,Laura Mccoy,CSE,MTR-CSE-02
STD-0461,Elizabeth Harper,Mechanical,MTR-Mechanical-03
STD-0462,William Guzman,Civil,MTR-Civil-05
STD-0463,Glenda Boyd,Chemical,MTR-Chemical-05
STD-0464,Robert Frost,CSE,MTR-CSE-04
STD-0465,Courtney Edwards DVM,MCT,MTR-MCT-03
STD-0466,Natasha Soto,Mechanical,MTR-Mechanical-04
STD-0467,Dr. Christine Delacruz,MCT,MTR-MCT-01
STD-0468,Christopher Rice,IT,MTR-IT-04
STD-0469,Nicole Rice,Mechanical,MTR-Mechanical-03
STD-0470,Carla Moore,Civil,MTR-Civil-02
STD-0471,Kimberly Allen,MCT,MTR-MCT-04
STD-0472,Jessica Torres,Mechanical,MTR-Mechanical-02
STD-0473,Andrea Ibarra,ECE,MTR-ECE-02
STD-0474,Michelle Stevens,CSE,MTR-CSE-05
STD-0475,Anthony Davis,ECE,MTR-ECE-03
STD-0476,Jennifer Roy,Civil,MTR-Civil-03
STD-0477,Nathan Schneider,CSE,MTR-CSE-02
STD-0478,Victoria Whitaker,Chemical,MTR-Chemical-05
STD-0479,Brandy Newman,IT,MTR-IT-03
STD-0480,Travis Jones,Mechanical,MTR-Mechanical-01
STD-0481,Christian Johnson,Civil,MTR-Civil-04
STD-0482,Kelly Berry,CSE,MTR-CSE-04
STD-0483,Tiffany Elliott,Civil,MTR-Civil-01
STD-0484,Tamara Martin,MCT,MTR-MCT-03
STD-0485,Lindsey Davis,MCT,MTR-MCT-04
STD-0486,Shawn Morgan,ECE,MTR-ECE-04
STD-0487,Kenneth Roberts,IT,MTR-IT-04
STD-0488,Cynthia Cox,Mechanical,MTR-Mechanical-05
STD-0489,Mathew Williamson,Mechanical,MTR-Mechanical-01
STD-0490,Gary Dawson,ECE,MTR-ECE-03
STD-0491,Breanna Wallace,ECE,MTR-ECE-02
STD-0492,Janet Sims,IT,MTR-IT-01
STD-0493,Katie Perez,Chemical,MTR-Chemical-05
STD-0494,Patricia Torres,CSE,MTR-CSE-04
STD-0495,Daniel Stone,MCT,MTR-MCT-02
STD-0496,Duane Brennan,Mechanical,MTR-Mechanical-05
STD-0497,Stephanie Hensley,Mechanical,MTR-Mechanical-03
STD-0498,Nina Chambers,ECE,MTR-ECE-04
STD-0499,Jennifer Patel,ECE,MTR-ECE-04
STD-0500,Michael Fuller,CSE,MTR-CSE-03
STD-0501,Andrea King,MCT,MTR-MCT-04
STD-0502,Cindy Mclaughlin,MCT,MTR-MCT-05
STD-0503,Dr. Maria Cox,Mechanical,MTR-Mechanical-03
STD-0504,Wendy Wilson,Mechanical,MTR-Mechanical-05
STD-0505,Barry Ho,Chemical,MTR-Chemical-02
STD-0506,Dennis Nicholson,MCT,MTR-MCT-02
STD-0507,Kimberly House,Civil,MTR-Civil-02
STD-0508,Miranda Sanchez,Chemical,MTR-Chemical-02
STD-0509,Alexandra Rowe,ECE,MTR-ECE-04
STD-0510,Timothy Santiago,Mechanical,MTR-Mechanical-03
STD-0511,Peggy Bennett,Chemical,MTR-Chemical-04
STD-0512,Debbie Baker,Chemical,MTR-Chemical-03
STD-0513,James Nelson,IT,MTR-IT-03
STD-0514,Jacqueline Miles DDS,IT,MTR-IT-05
STD-0515,Melissa Evans,Civil,MTR-Civil-01
STD-0516,Sandra Hooper,Chemical,MTR-Chemical-01
STD-0517,John Kirby,Chemical,MTR-Chemical-04
STD-0518,Daniel Wright,MCT,MTR-MCT-01
STD-0519,Stephanie Harris,Mechanical,MTR-Mechanical-02
STD-0520,Kayla Hall,ECE,MTR-ECE-05
STD-0521,Stephanie Everett,Chemical,MTR-Chemical-01
STD-0522,Michelle Ellis,ECE,MTR-ECE-01
STD-0523,Amanda Clark,Chemical,MTR-Chemical-01
STD-0524,Carolyn Cummings,ECE,MTR-ECE-01
STD-0525,Michael Parsons,Chemical,MTR-Chemical-04
STD-0526,Benjamin Jackson,ECE,MTR-ECE-02
STD-0527,Michael Cowan,MCT,MTR-MCT-05
STD-0528,Michael Noble,Chemical,MTR-Chemical-01
STD-0529,Scott Johnson,Civil,MTR-Civil-01
STD-0530,Ronald Graham,Chemical,MTR-Chemical-04
STD-0531,Jennifer Pineda,Mechanical,MTR-Mechanical-01
STD-0532,Yvonne Wolfe,IT,MTR-IT-03
STD-0533,Kimberly Spencer,Chemical,MTR-Chemical-05
STD-0534,Carolyn Barnes,Civil,MTR-Civil-04
STD-0535,Tara Anthony,IT,MTR-IT-02
STD-0536,Nancy Gordon,Chemical,MTR-Chemical-03
STD-0537,Juan Black,Mechanical,MTR-Mechanical-05
STD-0538,Brianna Dominguez,CSE,MTR-CSE-03
STD-0539,Cory Rodriguez,Chemical,MTR-Chemical-01
STD-0540,William Wilkinson,MCT,MTR-MCT-02
STD-0541,Carlos Mclaughlin,MCT,MTR-MCT-04
STD-0542,Philip Rodriguez,IT,MTR-IT-03
STD-0543,Robert Quinn,MCT,MTR-MCT-01
STD-0544,Rachel Higgins,Mechanical,MTR-Mechanical-03
STD-0545,David Rodgers,Mechanical,MTR-Mechanical-01
STD-0546,George Garrison,IT,MTR-IT-03
STD-0547,Joshua Dominguez,ECE,MTR-ECE-02
STD-0548,Diane Branch,Civil,MTR-Civil-01
STD-0549,Kristin Gutierrez,MCT,MTR-MCT-01
STD-0550,Raymond Harrell,Mechanical,MTR-Mechanical-01
STD-0551,Linda Moore,CSE,MTR-CSE-01
STD-0552,Erin Dunn,IT,MTR-IT-04
STD-0553,Elizabeth Melendez,MCT,MTR-MCT-03
STD-0554,Jordan Lester,IT,MTR-IT-02
STD-0555,Christopher Macdonald,CSE,MTR-CSE-04
STD-0556,Jean Nunez,IT,MTR-IT-05
STD-0557,Stephanie Wilson,Mechanical,MTR-Mechanical-01
STD-0558,Jerry Baker,IT,MTR-IT-01
STD-0559,Christine Flores,Chemical,MTR-Chemical-05
STD-0560,Walter Alexander,Chemical,MTR-Chemical-02
STD-0561,Gary Alvarez,Chemical,MTR-Chemical-05
STD-0562,Steven Norris,MCT,MTR-MCT-05
STD-0563,Daniel Garcia,Mechanical,MTR-Mechanical-03
STD-0564,Jessica Anderson,Mechanical,MTR-Mechanical-04
STD-0565,Timothy Hamilton,Mechanical,MTR-Mechanical-02
STD-0566,Barbara Stokes,Civil,MTR-Civil-05
STD-0567,Mario Robinson,CSE,MTR-CSE-01
STD-0568,Alexandra Martin,Mechanical,MTR-Mechanical-02
STD-0569,Daniel Barnes,CSE,MTR-CSE-02
STD-0570,Joseph Howard,Civil,MTR-Civil-02
STD-0571,Dave Woodward,Chemical,MTR-Chemical-04
STD-0572,Joe Mcpherson,ECE,MTR-ECE-05
STD-0573,Julia Alvarez,Mechanical,MTR-Mechanical-04
STD-0574,Sandra Christensen,MCT,MTR-MCT-04
STD-0575,Joanna Gonzalez,IT,MTR-IT-02
STD-0576,Jeffrey Hays,MCT,MTR-MCT-04
STD-0577,Carrie Wright,MCT,MTR-MCT-02
STD-0578,John Bullock,ECE,MTR-ECE-03
STD-0579,Christine Cunningham,MCT,MTR-MCT-02
STD-0580,Anne Brown,ECE,MTR-ECE-05
STD-0581,Amanda Cruz,MCT,MTR-MCT-04
STD-0582,Isabel Wright,Chemical,MTR-Chemical-05
STD-0583,Bradley Contreras,MCT,MTR-MCT-04
STD-0584,Jeffrey Kennedy,Chemical,MTR-Chemical-05
STD-0585,Richard Reed,ECE,MTR-ECE-02
STD-0586,Crystal Moore,CSE,MTR-CSE-05
STD-0587,Brandon Wheeler,IT,MTR-IT-01
STD-0588,Craig Marks,CSE,MTR-CSE-03
STD-0589,Steven Marsh,Civil,MTR-Civil-05
STD-0590,Kathleen Turner,Mechanical,MTR-Mechanical-03
STD-0591,Andrea Quinn,Civil,MTR-Civil-05
STD-0592,Hayden Clark,Mechanical,MTR-Mechanical-02
STD-0593,Darren Salas,MCT,MTR-MCT-01
STD-0594,John Rivera,ECE,MTR-ECE-01
STD-0595,Ashley Hernandez,Civil,MTR-Civil-02
STD-0596,Rachel Hicks,Mechanical,MTR-Mechanical-03
STD-0597,Frank Owens,IT,MTR-IT-03
STD-0598,Daniel Berry,ECE,MTR-ECE-01
STD-0599,Russell Collins,Chemical,MTR-Chemical-03
STD-0600,Jamie Nelson,Chemical,MTR-Chemical-03
STD-0601,Kaitlin Nelson,CSE,MTR-CSE-03
STD-0602,Jeremy Sullivan,CSE,MTR-CSE-05
STD-0603,Jennifer Johnston,Mechanical,MTR-Mechanical-04
STD-0604,Anthony Hebert,ECE,MTR-ECE-02
STD-0605,Harry Adams,ECE,MTR-ECE-04
STD-0606,Kayla Mcclure,IT,MTR-IT-05
STD-0607,Joshua Brady,Chemical,MTR-Chemical-05
STD-0608,Jennifer Snyder MD,Civil,MTR-Civil-03
STD-0609,Peter Rogers,Mechanical,MTR-Mechanical-05
STD-0610,Thomas Johnson,ECE,MTR-ECE-01
STD-0611,Carol Baker,Chemical,MTR-Chemical-02
STD-0612,Tracy Hoffman,CSE,MTR-CSE-01
STD-0613,Regina Campbell,ECE,MTR-ECE-05
STD-0614,Julie Holland,Chemical,MTR-Chemical-02
STD-0615,David Palmer,Chemical,MTR-Chemical-01
STD-0616,Mark Robinson,Chemical,MTR-Chemical-04
STD-0617,Melissa Diaz,Mechanical,MTR-Mechanical-03
STD-0618,Emily Rodriguez,Civil,MTR-Civil-05
STD-0619,Angela Rodriguez,IT,MTR-IT-02
STD-0620,Becky Mitchell,ECE,MTR-ECE-02
STD-0621,Teresa Silva,CSE,MTR-CSE-02
STD-0622,Thomas Wilson,Civil,MTR-Civil-01
STD-0623,Mrs. Kayla Rivera DDS,IT,MTR-IT-02
STD-0624,Joshua Martinez,Chemical,MTR-Chemical-03
STD-0625,Kimberly Lee,Chemical,MTR-Chemical-02
STD-0626,Darren Anthony,Civil,MTR-Civil-05
STD-0627,Jose Johnson,Mechanical,MTR-Mechanical-03
STD-0628,Anthony French,Mechanical,MTR-Mechanical-01
STD-0629,Reginald Smith,CSE,MTR-CSE-02
STD-0630,Anthony Kelly,IT,MTR-IT-03
STD-0631,James Stanley,ECE,MTR-ECE-01
STD-0632,Gregory Moreno,CSE,MTR-CSE-02
STD-0633,Gabriella Smith,Mechanical,MTR-Mechanical-02
STD-0634,Meagan Ramsey,ECE,MTR-ECE-04
STD-0635,Ashley Navarro,CSE,MTR-CSE-05
STD-0636,Brandon Hubbard,Chemical,MTR-Chemical-05
STD-0637,Tom Hodge,IT,MTR-IT-02
STD-0638,Daryl Jones,Mechanical,MTR-Mechanical-02
STD-0639,Barbara Day,IT,MTR-IT-02
STD-0640,Samuel Rice,IT,MTR-IT-05
STD-0641,John Fry,Civil,MTR-Civil-01
STD-0642,Christine Bauer,CSE,MTR-CSE-01
STD-0643,Brian Carlson,ECE,MTR-ECE-04
STD-0644,Mark Moreno,IT,MTR-IT-04
STD-0645,Daniel Bautista,Chemical,MTR-Chemical-02
STD-0646,Maria Bush,MCT,MTR-MCT-04
STD-0647,Nicole Mueller,Mechanical,MTR-Mechanical-03
STD-0648,Vanessa Anderson MD,CSE,MTR-CSE-05
STD-0649,Stacy Martin,MCT,MTR-MCT-01
STD-0650,Briana Mack,CSE,MTR-CSE-02
STD-0651,Christy Murphy,MCT,MTR-MCT-01
STD-0652,Elizabeth Park,Civil,MTR-Civil-04
STD-0653,John Vargas,CSE,MTR-CSE-05
STD-0654,John Anderson,Chemical,MTR-Chemical-02
STD-0655,Emily Gibson,Civil,MTR-Civil-03
STD-0656,Kimberly Gallagher,ECE,MTR-ECE-03
STD-0657,Ronald Daniel,Chemical,MTR-Chemical-02
STD-0658,Melissa Watkins,Mechanical,MTR-Mechanical-05
STD-0659,Margaret Rowe,CSE,MTR-CSE-02
STD-0660,Derek Adams,Chemical,MTR-Chemical-04
STD-0661,Sydney Graves,MCT,MTR-MCT-03
STD-0662,Michael Jefferson,IT,MTR-IT-04
STD-0663,Becky Mitchell,MCT,MTR-MCT-02
STD-0664,Katie Santiago,CSE,MTR-CSE-04
STD-0665,Bonnie Sampson,Civil,MTR-Civil-03
STD-0666,Sean Roach,MCT,MTR-MCT-04
STD-0667,Kristopher Clark,Chemical,MTR-Chemical-01
STD-0668,Thomas Cox,Civil,MTR-Civil-01
STD-0669,Gary Ewing,ECE,MTR-ECE-03
STD-0670,Jimmy Taylor,IT,MTR-IT-02
STD-0671,James Benson,ECE,MTR-ECE-04
STD-0672,Melissa Hall,Civil,MTR-Civil-03
STD-0673,Robert Lynch,CSE,MTR-CSE-04
STD-0674,Alexander Richmond,Chemical,MTR-Chemical-05
STD-0675,Michael Holmes,IT,MTR-IT-02
STD-0676,Julia Obrien,ECE,MTR-ECE-01
STD-0677,Mr. Michael Hernandez,Civil,MTR-Civil-05
STD-0678,Terry Duran,Chemical,MTR-Chemical-03
STD-0679,Richard Munoz,IT,MTR-IT-05
STD-0680,Brandy Cabrera,MCT,MTR-MCT-05
STD-0681,Christopher Thomas,CSE,MTR-CSE-01
STD-0682,Pamela Black,IT,MTR-IT-01
STD-0683,Casey Knight,CSE,MTR-CSE-01
STD-0684,Marc Holder,Civil,MTR-Civil-01
STD-0685,Bryan Lee,CSE,MTR-CSE-02
STD-0686,Brad Martin,Chemical,MTR-Chemical-05
STD-0687,Jason Knight,Mechanical,MTR-Mechanical-04
STD-0688,Jennifer Keller,ECE,MTR-ECE-05
STD-0689,Rebecca Parrish,MCT,MTR-MCT-04
STD-0690,Jeffrey Colon,Mechanical,MTR-Mechanical-04
STD-0691,Terry Collins,Chemical,MTR-Chemical-03
STD-0692,James Malone,CSE,MTR-CSE-04
STD-0693,Lisa Gonzalez,Civil,MTR-Civil-01
STD-0694,Doris Clark,IT,MTR-IT-02
STD-0695,Jeffrey Ferrell,IT,MTR-IT-03
STD-0696,Maureen Bennett,Mechanical,MTR-Mechanical-01
STD-0697,Carrie Le,CSE,MTR-CSE-05
STD-0698,Jason Lewis,Civil,MTR-Civil-01
STD-0699,Jordan Lopez,Civil,MTR-Civil-03
STD-0700,Robert Adams,Chemical,MTR-Chemical-05
STD-0701,Mr. Christopher Ray,MCT,MTR-MCT-01
STD-0702,Benjamin Lee,CSE,MTR-CSE-03
STD-0703,Alejandra Webb,IT,MTR-IT-05
STD-0704,Marcus Allen,CSE,MTR-CSE-05
STD-0705,Scott Noble,MCT,MTR-MCT-05
STD-0706,Scott Maldonado,Chemical,MTR-Chemical-02
STD-0707,John Munoz,ECE,MTR-ECE-02
STD-0708,David Watson,ECE,MTR-ECE-01
STD-0709,Anthony Williams,CSE,MTR-CSE-04
STD-0710,Brian Jefferson,Civil,MTR-Civil-05
STD-0711,Cathy Hoffman,Chemical,MTR-Chemical-02
STD-0712,Cory Travis MD,Chemical,MTR-Chemical-01
STD-0713,Melissa Morris,CSE,MTR-CSE-04
STD-0714,Phillip Young,CSE,MTR-CSE-03
STD-0715,Steven Cook,Chemical,MTR-Chemical-04
STD-0716,Tammy Valencia,MCT,MTR-MCT-05
STD-0717,Cory Allen,CSE,MTR-CSE-03
STD-0718,Tammy Williams,Mechanical,MTR-Mechanical-03
STD-0719,Steven Johnson,MCT,MTR-MCT-01
STD-0720,Thomas Gallagher,Mechanical,MTR-Mechanical-02
STD-0721,Peter King,ECE,MTR-ECE-01
STD-0722,Daniel Burnett,ECE,MTR-ECE-01
STD-0723,Laura Grant,IT,MTR-IT-03
STD-0724,Karla Hawkins,CSE,MTR-CSE-01
STD-0725,Briana Cisneros,MCT,MTR-MCT-04
STD-0726,Gregory Dixon,MCT,MTR-MCT-01
STD-0727,Todd Rivera,ECE,MTR-ECE-05
STD-0728,Jeffrey Anderson,IT,MTR-IT-01
STD-0729,John Mcgee,Mechanical,MTR-Mechanical-02
STD-0730,Jessica Garcia,Chemical,MTR-Chemical-02
STD-0731,William Thompson,ECE,MTR-ECE-03
STD-0732,Greg Carter,CSE,MTR-CSE-03
STD-0733,Jennifer Lopez,ECE,MTR-ECE-02
STD-0734,Richard Fletcher,Chemical,MTR-Chemical-05
STD-0735,Brandi Thomas,Mechanical,MTR-Mechanical-01
STD-0736,Heather Sanchez,Civil,MTR-Civil-04
STD-0737,Peter Stone,Mechanical,MTR-Mechanical-04
STD-0738,Sheryl Patton,ECE,MTR-ECE-01
STD-0739,Matthew Nguyen,IT,MTR-IT-03
STD-0740,Danielle Moss,MCT,MTR-MCT-03
STD-0741,Riley Landry,Mechanical,MTR-Mechanical-02
STD-0742,Kevin Armstrong,Civil,MTR-Civil-05
STD-0743,Amy Hayes,Mechanical,MTR-Mechanical-04
STD-0744,Joshua Barron,Mechanical,MTR-Mechanical-02
STD-0745,Evan Hull,Civil,MTR-Civil-05
STD-0746,Donald Suarez,MCT,MTR-MCT-01
STD-0747,Kristin Harper,Civil,MTR-Civil-02
STD-0748,Marc Thomas,IT,MTR-IT-05
STD-0749,Scott Cervantes,MCT,MTR-MCT-05
STD-0750,Emily Johnson,CSE,MTR-CSE-02
STD-0751,James Wright,Mechanical,MTR-Mechanical-03
STD-0752,Sharon Terry,Mechanical,MTR-Mechanical-03
STD-0753,Charles Stevens,MCT,MTR-MCT-01
STD-0754,Steven Taylor,MCT,MTR-MCT-03
STD-0755,Shane Howell,Civil,MTR-Civil-01
STD-0756,Jared Smith,Civil,MTR-Civil-02
STD-0757,Nicole Weeks,Mechanical,MTR-Mechanical-02
STD-0758,Matthew Hernandez,IT,MTR-IT-01
STD-0759,Andre Marquez,Chemical,MTR-Chemical-02
STD-0760,John Spencer,CSE,MTR-CSE-02
STD-0761,Emily Foster,MCT,MTR-MCT-05
STD-0762,Steven Turner,CSE,MTR-CSE-05
STD-0763,Joseph Reynolds,Chemical,MTR-Chemical-04
STD-0764,David Kirk,MCT,MTR-MCT-04
STD-0765,Mark Roth,MCT,MTR-MCT-01
STD-0766,Troy Hughes,Civil,MTR-Civil-04
STD-0767,Michael Moyer,Chemical,MTR-Chemical-03
STD-0768,Sean Robbins,IT,MTR-IT-03
STD-0769,Timothy King,Civil,MTR-Civil-02
STD-0770,Brittany Davis,ECE,MTR-ECE-01
STD-0771,Paul Richards,ECE,MTR-ECE-04
STD-0772,Donna Hernandez DVM,Chemical,MTR-Chemical-04
STD-0773,Jeffery Gomez,ECE,MTR-ECE-05
STD-0774,Tiffany King,Mechanical,MTR-Mechanical-01
STD-0775,Mark Wheeler,CSE,MTR-CSE-01
STD-0776,Donald Hart,CSE,MTR-CSE-03
STD-0777,Dana Crawford,IT,MTR-IT-01
STD-0778,Zachary Jefferson,ECE,MTR-ECE-03
STD-0779,Robert Pope,Chemical,MTR-Chemical-04
STD-0780,David Jones,MCT,MTR-MCT-04
STD-0781,Courtney Casey,MCT,MTR-MCT-01
STD-0782,Nicholas Young,ECE,MTR-ECE-04
STD-0783,Jacqueline Daniels,CSE,MTR-CSE-03
STD-0784,Tina Mckay,Mechanical,MTR-Mechanical-05
STD-0785,Jordan Mays,Civil,MTR-Civil-04
STD-0786,Heather Jackson,IT,MTR-IT-02
STD-0787,Michael Caldwell,ECE,MTR-ECE-01
STD-0788,Matthew Chavez,ECE,MTR-ECE-04
STD-0789,Christine Hebert,Civil,MTR-Civil-03
STD-0790,Andrew Johnson,MCT,MTR-MCT-05
STD-0791,Derek Smith,Mechanical,MTR-Mechanical-05
STD-0792,Brittany Smith,IT,MTR-IT-01
STD-0793,Ronald Brown,IT,MTR-IT-05
STD-0794,Erica Torres,ECE,MTR-ECE-01
STD-0795,Mathew David,Chemical,MTR-Chemical-02
STD-0796,Tonya Good,IT,MTR-IT-04
STD-0797,Corey Diaz,Mechanical,MTR-Mechanical-01
STD-0798,Ryan Martin,Civil,MTR-Civil-01
STD-0799,Cynthia Jenkins,MCT,MTR-MCT-05
STD-0800,David Acevedo,Civil,MTR-Civil-04
STD-0801,Brian Brooks,IT,MTR-IT-01
STD-0802,Sierra Smith,Chemical,MTR-Chemical-05
STD-0803,Amanda Drake,CSE,MTR-CSE-04
STD-0804,Kara Manning,ECE,MTR-ECE-03
STD-0805,Roger Mitchell,Civil,MTR-Civil-05
STD-0806,Stephen Brown,ECE,MTR-ECE-01
STD-0807,John Richard,Mechanical,MTR-Mechanical-01
STD-0808,Amanda Brown,Chemical,MTR-Chemical-02
STD-0809,Sophia Hughes,CSE,MTR-CSE-05
STD-0810,Jason Brown,MCT,MTR-MCT-01
STD-0811,Alexis Gonzalez,IT,MTR-IT-01
STD-0812,Justin Brooks,Civil,MTR-Civil-03
STD-0813,Jennifer Saunders,ECE,MTR-ECE-03
STD-0814,Brett Lynch,Mechanical,MTR-Mechanical-04
STD-0815,John Stone,Civil,MTR-Civil-03
STD-0816,Jennifer Carney,ECE,MTR-ECE-03
STD-0817,Allison Brown,IT,MTR-IT-04
STD-0818,Sharon Ferguson,Civil,MTR-Civil-04
STD-0819,Matthew Garcia,MCT,MTR-MCT-02
STD-0820,Shelia Anderson,ECE,MTR-ECE-02
STD-0821,Jennifer Sanders,Chemical,MTR-Chemical-02
STD-0822,William Knight,CSE,MTR-CSE-04
STD-0823,Daniel Pham,ECE,MTR-ECE-03
STD-0824,Mark Pierce,Civil,MTR-Civil-02
STD-0825,Richard Johnson,IT,MTR-IT-02
STD-0826,Amy Garcia,MCT,MTR-MCT-01
STD-0827,Heather Mayo,MCT,MTR-MCT-02
STD-0828,Brittany Bryant,ECE,MTR-ECE-01
STD-0829,Patrick Norman,Chemical,MTR-Chemical-04
STD-0830,Heather Jones,Mechanical,MTR-Mechanical-03
STD-0831,Jeremiah Mccormick,IT,MTR-IT-02
STD-0832,Jennifer Perez,CSE,MTR-CSE-05
STD-0833,Crystal Brown,IT,MTR-IT-01
STD-0834,Ryan Montgomery,Chemical,MTR-Chemical-04
STD-0835,Corey Morales,ECE,MTR-ECE-04
STD-0836,Brittney Anderson,MCT,MTR-MCT-03
STD-0837,Christopher Harding,Mechanical,MTR-Mechanical-01
STD-0838,Alexandra Anderson,IT,MTR-IT-01
STD-0839,Randy Williams,CSE,MTR-CSE-05
STD-0840,Lisa Young,CSE,MTR-CSE-01
STD-0841,Nina Rivera DDS,Civil,MTR-Civil-04
STD-0842,Nicole Franklin,IT,MTR-IT-03
STD-0843,Brianna Wilson,Chemical,MTR-Chemical-04
STD-0844,Joseph Jones,ECE,MTR-ECE-02
STD-0845,Natalie Jackson,Mechanical,MTR-Mechanical-01
STD-0846,Andre Cantrell,MCT,MTR-MCT-04
STD-0847,Mr. Charles Williams,IT,MTR-IT-03
STD-0848,Kelly Hampton,IT,MTR-IT-01
STD-0849,Douglas Meadows,Chemical,MTR-Chemical-02
STD-0850,Bryan Avery,IT,MTR-IT-05
STD-0851,Ray Joseph,ECE,MTR-ECE-04
STD-0852,Julie Warner,CSE,MTR-CSE-02
STD-0853,Samantha Holloway,IT,MTR-IT-03
STD-0854,Ariana Perez,MCT,MTR-MCT-02
STD-0855,Allen Roth,CSE,MTR-CSE-02
STD-0856,Christy Jones,CSE,MTR-CSE-04
STD-0857,Ariel Davis,CSE,MTR-CSE-05
STD-0858,Dominic Baker,ECE,MTR-ECE-04
STD-0859,Joshua Cameron,Mechanical,MTR-Mechanical-02
STD-0860,Timothy Garcia,IT,MTR-IT-05
STD-0861,Laura Diaz,ECE,MTR-ECE-04
STD-0862,Leslie Daniel,ECE,MTR-ECE-02
STD-0863,Eugene Roman,CSE,MTR-CSE-01
STD-0864,Diana Torres,MCT,MTR-MCT-01
STD-0865,Justin Schmidt,IT,MTR-IT-02
STD-0866,Antonio Martinez,ECE,MTR-ECE-04
STD-0867,Kathryn Ramos,ECE,MTR-ECE-01
STD-0868,Mary Jones,Civil,MTR-Civil-04
STD-0869,Rachel Martinez,Civil,MTR-Civil-04
STD-0870,David Hall,IT,MTR-IT-02
STD-0871,Martin Bryant,Civil,MTR-Civil-05
STD-0872,Kathryn Kim,Chemical,MTR-Chemical-02
STD-0873,Marco Deleon,Chemical,MTR-Chemical-03
STD-0874,David Perkins,Mechanical,MTR-Mechanical-02
STD-0875,Joseph Davis,CSE,MTR-CSE-03
STD-0876,Sierra Gray,ECE,MTR-ECE-05
STD-0877,Kenneth Jones,IT,MTR-IT-05
STD-0878,Seth Duncan,CSE,MTR-CSE-03
STD-0879,Steven Stewart,CSE,MTR-CSE-03
STD-0880,Sarah Horne,ECE,MTR-ECE-02
STD-0881,Amanda Thomas,MCT,MTR-MCT-03
STD-0882,Steven Jones,Mechanical,MTR-Mechanical-02
STD-0883,Laura Miller,IT,MTR-IT-04
STD-0884,Eric Hampton,Civil,MTR-Civil-04
STD-0885,Tiffany Alvarez,IT,MTR-IT-01
STD-0886,Nathaniel Love,ECE,MTR-ECE-05
STD-0887,Rebecca Riley,CSE,MTR-CSE-05
STD-0888,Jesse Smith,IT,MTR-IT-02
STD-0889,Janice Gutierrez,Chemical,MTR-Chemical-05
STD-0890,Mr. Kevin Miles,ECE,MTR-ECE-05
STD-0891,Austin Rush,ECE,MTR-ECE-04
STD-0892,Crystal Martin,ECE,MTR-ECE-04
STD-0893,Timothy Clark,Mechanical,MTR-Mechanical-02
STD-0894,Kelly Conway,Chemical,MTR-Chemical-04
STD-0895,Tyler Chavez,Mechanical,MTR-Mechanical-05
STD-0896,Michael Torres,Chemical,MTR-Chemical-01
STD-0897,Jon Ramos,CSE,MTR-CSE-05
STD-0898,Valerie Taylor,Civil,MTR-Civil-05
STD-0899,Jane Sullivan MD,Mechanical,MTR-Mechanical-04
STD-0900,Erika Porter,Civil,MTR-Civil-02
STD-0901,Patricia Hunt,Chemical,MTR-Chemical-03
STD-0902,Dr. Denise Gonzales,CSE,MTR-CSE-05
STD-0903,Mark Schmidt,Mechanical,MTR-Mechanical-02
STD-0904,Bradley Levine,IT,MTR-IT-03
STD-0905,Jessica Gutierrez,IT,MTR-IT-05
STD-0906,Jennifer Gonzales,IT,MTR-IT-04
STD-0907,Chad Perry,Civil,MTR-Civil-01
STD-0908,Lori Salinas,ECE,MTR-ECE-02
STD-0909,Shelly Short,MCT,MTR-MCT-04
STD-0910,Andrea Phillips,Civil,MTR-Civil-02
STD-0911,Stacey Garcia,IT,MTR-IT-04
STD-0912,Patricia Oconnor,Mechanical,MTR-Mechanical-04
STD-0913,Brandy Palmer,Civil,MTR-Civil-02
STD-0914,Jessica Morris,CSE,MTR-CSE-03
STD-0915,Cody Garcia,Chemical,MTR-Chemical-04
STD-0916,Lisa Bishop,Chemical,MTR-Chemical-05
STD-0917,Elizabeth Watson,MCT,MTR-MCT-04
STD-0918,Frank Sampson,Mechanical,MTR-Mechanical-02
STD-0919,Christopher Bender,ECE,MTR-ECE-05
STD-0920,Lisa Cook,ECE,MTR-ECE-04
STD-0921,Melvin Gonzales,Civil,MTR-Civil-02
STD-0922,Amy Henderson,MCT,MTR-MCT-01
STD-0923,Jordan Doyle,IT,MTR-IT-02
STD-0924,Cheryl Ward,Chemical,MTR-Chemical-03
STD-0925,Jill Walker,Mechanical,MTR-Mechanical-05
STD-0926,Andrew Barton,Chemical,MTR-Chemical-04
STD-0927,Daniel Ward,ECE,MTR-ECE-03
STD-0928,Linda Banks,Chemical,MTR-Chemical-01
STD-0929,David Ford,MCT,MTR-MCT-02
STD-0930,Cody Wilson,MCT,MTR-MCT-02
STD-0931,Benjamin York,Civil,MTR-Civil-05
STD-0932,Jessica Olsen,Civil,MTR-Civil-04
STD-0933,Mary Turner,Mechanical,MTR-Mechanical-05
STD-0934,Phillip Smith,Mechanical,MTR-Mechanical-03
STD-0935,Timothy Robinson,Civil,MTR-Civil-05
STD-0936,Mariah Jones,MCT,MTR-MCT-05
STD-0937,Melvin Hill,IT,MTR-IT-02
STD-0938,Lori Pugh,CSE,MTR-CSE-05
STD-0939,Michael Garcia,ECE,MTR-ECE-01
STD-0940,Lisa Ingram,Chemical,MTR-Chemical-01
STD-0941,Francisco Gonzales,Chemical,MTR-Chemical-02
STD-0942,Thomas Ramsey,ECE,MTR-ECE-01
STD-0943,Catherine Malone,MCT,MTR-MCT-04
STD-0944,Timothy Mcfarland,MCT,MTR-MCT-05
STD-0945,April Davis,IT,MTR-IT-05
STD-0946,Courtney Williams,ECE,MTR-ECE-01
STD-0947,Eric Edwards,CSE,MTR-CSE-02
STD-0948,Hannah Miller,Chemical,MTR-Chemical-04
STD-0949,Nathan Smith,IT,MTR-IT-03
STD-0950,Emily Henderson,ECE,MTR-ECE-04
STD-0951,Kevin Perez,Mechanical,MTR-Mechanical-05
STD-0952,David Gibson,Chemical,MTR-Chemical-02
STD-0953,Michael Wilson,ECE,MTR-ECE-02
STD-0954,Amanda Young,Chemical,MTR-Chemical-03
STD-0955,Veronica Sutton,MCT,MTR-MCT-01
STD-0956,Patrick Morgan,ECE,MTR-ECE-04
STD-0957,Roy Hensley,Civil,MTR-Civil-02
STD-0958,Joe Evans,Mechanical,MTR-Mechanical-04
STD-0959,Christopher Smith,Chemical,MTR-Chemical-02
STD-0960,Jeffrey Davis,MCT,MTR-MCT-02
STD-0961,Carmen Christensen,ECE,MTR-ECE-01
STD-0962,Kristina Caldwell,IT,MTR-IT-02
STD-0963,Brandon Henderson,MCT,MTR-MCT-02
STD-0964,Denise Jackson,IT,MTR-IT-04
STD-0965,Sonia Oconnor,ECE,MTR-ECE-04
STD-0966,Russell Webb,Chemical,MTR-Chemical-01
STD-0967,Brett Williams,Mechanical,MTR-Mechanical-02
STD-0968,Linda Robertson,CSE,MTR-CSE-03
STD-0969,Ms. Kimberly Carpenter DDS,ECE,MTR-ECE-02
STD-0970,Stephanie Bradley,ECE,MTR-ECE-05
STD-0971,Amber Phillips,Chemical,MTR-Chemical-04
STD-0972,Jason Watson,ECE,MTR-ECE-05
STD-0973,Jimmy Ryan,Civil,MTR-Civil-01
STD-0974,Aaron Luna,Civil,MTR-Civil-01
STD-0975,Amy Morrison,MCT,MTR-MCT-02
STD-0976,Katherine Soto,ECE,MTR-ECE-01
STD-0977,Heather Brown,MCT,MTR-MCT-03
STD-0978,Walter Compton,Mechanical,MTR-Mechanical-04
STD-0979,Christian Allen,IT,MTR-IT-02
STD-0980,Shelly Flores,Chemical,MTR-Chemical-01
STD-0981,Tracy Davis,CSE,MTR-CSE-01
STD-0982,Nicholas Herring,MCT,MTR-MCT-01
STD-0983,Christian Blackburn,IT,MTR-IT-01
STD-0984,Mathew Compton,MCT,MTR-MCT-04
STD-0985,Daniel Castaneda MD,ECE,MTR-ECE-01
STD-0986,William Taylor,Chemical,MTR-Chemical-02
STD-0987,Richard Phillips,IT,MTR-IT-01
STD-0988,Matthew Bailey,IT,MTR-IT-03
STD-0989,John Riley,IT,MTR-IT-03
STD-0990,Alicia Rodriguez,MCT,MTR-MCT-03
STD-0991,Bryan Gallegos,Chemical,MTR-Chemical-03
STD-0992,Samuel Davis,Chemical,MTR-Chemical-05
STD-0993,Deanna Phillips,Mechanical,MTR-Mechanical-05
STD-0994,Michael Harmon,Chemical,MTR-Chemical-04
STD-0995,Jared Roberts,IT,MTR-IT-05
STD-0996,Russell Elliott,Chemical,MTR-Chemical-03
STD-0997,Elizabeth Carter,Mechanical,MTR-Mechanical-04
STD-0998,Jennifer Foster,Chemical,MTR-Chemical-01
STD-0999,Dr. Kevin Johnson Jr.,ECE,MTR-ECE-05
STD-1000,Mark Stone,ECE,MTR-ECE-03
